run	sample_accession	genotype	treatment	group
SRR28966285	GSM8258553	KO	depletion	KO_depletion
SRR28966286	GSM8258552	KO	depletion	KO_depletion
SRR28966287	GSM8258554	KO	depletion	KO_depletion
SRR28966289	GSM8258551	KO	FBS	KO_FBS
SRR28966290	GSM8258550	KO	FBS	KO_FBS
SRR28966291	GSM8258548	WT	depletion	WT_depletion
SRR28966292	GSM8258546	WT	depletion	WT_depletion
SRR28966293	GSM8258545	WT	FBS	WT_FBS
SRR28966294	GSM8258547	WT	depletion	WT_depletion
SRR28966295	GSM8258549	KO	FBS	KO_FBS
SRR28966296	GSM8258544	WT	FBS	WT_FBS
SRR28966297	GSM8258543	WT	FBS	WT_FBS
