Run,Assay Type,AvgSpotLen,Bases,BioProject,BioSample,Bytes,Center Name,Collection_date,Consent,DATASTORE filetype,DATASTORE provider,DATASTORE region,Experiment,genotype,geo_loc_name_country,geo_loc_name_country_continent,geo_loc_name,Instrument,Library Name,LibraryLayout,LibrarySelection,LibrarySource,Organism,Platform,ReleaseDate,create_date,version,Sample Name,source_name,SRA Study,treatment,cell_line,tissue
SRR28966268,RNA-Seq,300,9375901500,PRJNA1109350,SAMN41264383,2615987538,"SCHOOL OF LIFE SCIENCE AND TECHNOLOGY, SHANGHAITECH UNIVERSITY",missing,public,"run.zq,sra,fastq","ncbi,gs,s3","gs.us-east1,ncbi.public,s3.us-east-1",SRX24495864,SREBP2 F167A/F167A,uncalculated,uncalculated,missing,Illumina NovaSeq 6000,GSM8258572,PAIRED,cDNA,TRANSCRIPTOMIC,Mus musculus,ILLUMINA,2025-03-17T00:00:00Z,2024-05-08T13:32:00Z,1,GSM8258572,Liver,SRP506497,Refeeding,,Liver
SRR28966269,RNA-Seq,300,9533214300,PRJNA1109350,SAMN41264384,2674820040,"SCHOOL OF LIFE SCIENCE AND TECHNOLOGY, SHANGHAITECH UNIVERSITY",missing,public,"sra,fastq,run.zq","ncbi,gs,s3","s3.us-east-1,ncbi.public,gs.us-east1",SRX24495863,SREBP2 F167A/F167A,uncalculated,uncalculated,missing,Illumina NovaSeq 6000,GSM8258571,PAIRED,cDNA,TRANSCRIPTOMIC,Mus musculus,ILLUMINA,2025-03-17T00:00:00Z,2024-05-08T13:30:00Z,1,GSM8258571,Liver,SRP506497,Refeeding,,Liver
SRR28966270,RNA-Seq,300,10223620800,PRJNA1109350,SAMN41264386,2857340998,"SCHOOL OF LIFE SCIENCE AND TECHNOLOGY, SHANGHAITECH UNIVERSITY",missing,public,"sra,run.zq,fastq","s3,ncbi,gs","s3.us-east-1,ncbi.public,gs.us-east1",SRX24495861,SREBP2 F167A/F167A,uncalculated,uncalculated,missing,Illumina NovaSeq 6000,GSM8258569,PAIRED,cDNA,TRANSCRIPTOMIC,Mus musculus,ILLUMINA,2025-03-17T00:00:00Z,2024-05-08T13:32:00Z,1,GSM8258569,Liver,SRP506497,Fasting,,Liver
SRR28966271,RNA-Seq,300,9514319700,PRJNA1109350,SAMN41264388,2652470508,"SCHOOL OF LIFE SCIENCE AND TECHNOLOGY, SHANGHAITECH UNIVERSITY",missing,public,"sra,run.zq,fastq","s3,ncbi,gs","ncbi.public,gs.us-east1,s3.us-east-1",SRX24495859,SREBP2 F167A/F167A,uncalculated,uncalculated,missing,Illumina NovaSeq 6000,GSM8258567,PAIRED,cDNA,TRANSCRIPTOMIC,Mus musculus,ILLUMINA,2025-03-17T00:00:00Z,2024-05-08T13:32:00Z,1,GSM8258567,Liver,SRP506497,Fasting,,Liver
SRR28966272,RNA-Seq,300,11009069700,PRJNA1109350,SAMN41264389,3089591965,"SCHOOL OF LIFE SCIENCE AND TECHNOLOGY, SHANGHAITECH UNIVERSITY",missing,public,"run.zq,sra,fastq","ncbi,s3,gs","gs.us-east1,s3.us-east-1,ncbi.public",SRX24495858,Wild type,uncalculated,uncalculated,missing,Illumina NovaSeq 6000,GSM8258566,PAIRED,cDNA,TRANSCRIPTOMIC,Mus musculus,ILLUMINA,2025-03-17T00:00:00Z,2024-05-08T13:32:00Z,1,GSM8258566,Liver,SRP506497,Refeeding,,Liver
SRR28966273,RNA-Seq,300,10215684600,PRJNA1109350,SAMN41264387,3162140543,"SCHOOL OF LIFE SCIENCE AND TECHNOLOGY, SHANGHAITECH UNIVERSITY",missing,public,"fastq,sra,run.zq","s3,gs,ncbi","s3.us-east-1,ncbi.public,gs.us-east1",SRX24495860,SREBP2 F167A/F167A,uncalculated,uncalculated,missing,Illumina NovaSeq 6000,GSM8258568,PAIRED,cDNA,TRANSCRIPTOMIC,Mus musculus,ILLUMINA,2025-03-17T00:00:00Z,2024-05-08T13:32:00Z,1,GSM8258568,Liver,SRP506497,Fasting,,Liver
SRR28966274,RNA-Seq,300,10344582000,PRJNA1109350,SAMN41264385,2876840417,"SCHOOL OF LIFE SCIENCE AND TECHNOLOGY, SHANGHAITECH UNIVERSITY",missing,public,"run.zq,fastq,sra","ncbi,gs,s3","s3.us-east-1,gs.us-east1,ncbi.public",SRX24495862,SREBP2 F167A/F167A,uncalculated,uncalculated,missing,Illumina NovaSeq 6000,GSM8258570,PAIRED,cDNA,TRANSCRIPTOMIC,Mus musculus,ILLUMINA,2025-03-17T00:00:00Z,2024-05-08T13:30:00Z,1,GSM8258570,Liver,SRP506497,Refeeding,,Liver
SRR28966275,RNA-Seq,300,9936475200,PRJNA1109350,SAMN41264390,2809919832,"SCHOOL OF LIFE SCIENCE AND TECHNOLOGY, SHANGHAITECH UNIVERSITY",missing,public,"fastq,sra,run.zq","ncbi,s3,gs","s3.us-east-1,ncbi.public,gs.us-east1",SRX24495857,Wild type,uncalculated,uncalculated,missing,Illumina NovaSeq 6000,GSM8258565,PAIRED,cDNA,TRANSCRIPTOMIC,Mus musculus,ILLUMINA,2025-03-17T00:00:00Z,2024-05-08T13:30:00Z,1,GSM8258565,Liver,SRP506497,Refeeding,,Liver
SRR28966276,RNA-Seq,300,11294208000,PRJNA1109350,SAMN41264391,3157403656,"SCHOOL OF LIFE SCIENCE AND TECHNOLOGY, SHANGHAITECH UNIVERSITY",missing,public,"fastq,run.zq,sra","ncbi,gs,s3","gs.us-east1,ncbi.public,s3.us-east-1",SRX24495856,Wild type,uncalculated,uncalculated,missing,Illumina NovaSeq 6000,GSM8258564,PAIRED,cDNA,TRANSCRIPTOMIC,Mus musculus,ILLUMINA,2025-03-17T00:00:00Z,2024-05-08T13:32:00Z,1,GSM8258564,Liver,SRP506497,Refeeding,,Liver
SRR28966277,RNA-Seq,300,12262977600,PRJNA1109350,SAMN41264393,3443556861,"SCHOOL OF LIFE SCIENCE AND TECHNOLOGY, SHANGHAITECH UNIVERSITY",missing,public,"fastq,run.zq,sra","s3,gs,ncbi","gs.us-east1,s3.us-east-1,ncbi.public",SRX24495854,Wild type,uncalculated,uncalculated,missing,Illumina NovaSeq 6000,GSM8258562,PAIRED,cDNA,TRANSCRIPTOMIC,Mus musculus,ILLUMINA,2025-03-17T00:00:00Z,2024-05-08T13:34:00Z,1,GSM8258562,Liver,SRP506497,Fasting,,Liver
SRR28966278,RNA-Seq,300,9412285200,PRJNA1109350,SAMN41264395,3000465305,"SCHOOL OF LIFE SCIENCE AND TECHNOLOGY, SHANGHAITECH UNIVERSITY",missing,public,"fastq,run.zq,sra","gs,s3,ncbi","s3.us-east-1,gs.us-east1,ncbi.public",SRX24495852,SREBP1-/-,uncalculated,uncalculated,missing,Illumina NovaSeq 6000,GSM8258560,PAIRED,cDNA,TRANSCRIPTOMIC,Homo sapiens,ILLUMINA,2025-03-17T00:00:00Z,2024-05-08T13:30:00Z,1,GSM8258560,Hela,SRP506497,Cholesterol depletion,Hela,
SRR28966279,RNA-Seq,300,8546356800,PRJNA1109350,SAMN41264396,2740658005,"SCHOOL OF LIFE SCIENCE AND TECHNOLOGY, SHANGHAITECH UNIVERSITY",missing,public,"run.zq,fastq,sra","ncbi,s3,gs","gs.us-east1,s3.us-east-1,ncbi.public",SRX24495851,SREBP1-/-,uncalculated,uncalculated,missing,Illumina NovaSeq 6000,GSM8258559,PAIRED,cDNA,TRANSCRIPTOMIC,Homo sapiens,ILLUMINA,2025-03-17T00:00:00Z,2024-05-08T13:34:00Z,1,GSM8258559,Hela,SRP506497,Cholesterol depletion,Hela,
SRR28966280,RNA-Seq,300,13681910100,PRJNA1109350,SAMN41264394,3849302194,"SCHOOL OF LIFE SCIENCE AND TECHNOLOGY, SHANGHAITECH UNIVERSITY",missing,public,"run.zq,fastq,sra","s3,gs,ncbi","gs.us-east1,s3.us-east-1,ncbi.public",SRX24495853,Wild type,uncalculated,uncalculated,missing,Illumina NovaSeq 6000,GSM8258561,PAIRED,cDNA,TRANSCRIPTOMIC,Mus musculus,ILLUMINA,2025-03-17T00:00:00Z,2024-05-08T13:34:00Z,1,GSM8258561,Liver,SRP506497,Fasting,,Liver
SRR28966281,RNA-Seq,300,9901484400,PRJNA1109350,SAMN41264392,2792041276,"SCHOOL OF LIFE SCIENCE AND TECHNOLOGY, SHANGHAITECH UNIVERSITY",missing,public,"fastq,sra,run.zq","ncbi,gs,s3","s3.us-east-1,ncbi.public,gs.us-east1",SRX24495855,Wild type,uncalculated,uncalculated,missing,Illumina NovaSeq 6000,GSM8258563,PAIRED,cDNA,TRANSCRIPTOMIC,Mus musculus,ILLUMINA,2025-03-17T00:00:00Z,2024-05-08T13:32:00Z,1,GSM8258563,Liver,SRP506497,Fasting,,Liver
SRR28966282,RNA-Seq,300,9198680100,PRJNA1109350,SAMN41264397,2933675317,"SCHOOL OF LIFE SCIENCE AND TECHNOLOGY, SHANGHAITECH UNIVERSITY",missing,public,"sra,fastq,run.zq","gs,ncbi,s3","ncbi.public,s3.us-east-1,gs.us-east1",SRX24495850,SREBP1-/-,uncalculated,uncalculated,missing,Illumina NovaSeq 6000,GSM8258558,PAIRED,cDNA,TRANSCRIPTOMIC,Homo sapiens,ILLUMINA,2025-03-17T00:00:00Z,2024-05-08T13:30:00Z,1,GSM8258558,Hela,SRP506497,Cholesterol depletion,Hela,
SRR28966283,RNA-Seq,300,8529160200,PRJNA1109350,SAMN41264398,2738906781,"SCHOOL OF LIFE SCIENCE AND TECHNOLOGY, SHANGHAITECH UNIVERSITY",missing,public,"fastq,run.zq,sra","gs,s3,ncbi","gs.us-east1,ncbi.public,s3.us-east-1",SRX24495849,SREBP1-/-,uncalculated,uncalculated,missing,Illumina NovaSeq 6000,GSM8258557,PAIRED,cDNA,TRANSCRIPTOMIC,Homo sapiens,ILLUMINA,2025-03-17T00:00:00Z,2024-05-08T13:34:00Z,1,GSM8258557,Hela,SRP506497,FBS,Hela,
SRR28966284,RNA-Seq,300,8582530800,PRJNA1109350,SAMN41264400,2746669605,"SCHOOL OF LIFE SCIENCE AND TECHNOLOGY, SHANGHAITECH UNIVERSITY",missing,public,"run.zq,fastq,sra","gs,ncbi,s3","gs.us-east1,ncbi.public,s3.us-east-1",SRX24495847,SREBP1-/-,uncalculated,uncalculated,missing,Illumina NovaSeq 6000,GSM8258555,PAIRED,cDNA,TRANSCRIPTOMIC,Homo sapiens,ILLUMINA,2025-03-17T00:00:00Z,2024-05-08T13:31:00Z,1,GSM8258555,Hela,SRP506497,FBS,Hela,
SRR28966285,RNA-Seq,300,8168941500,PRJNA1109350,SAMN41264402,2609600373,"SCHOOL OF LIFE SCIENCE AND TECHNOLOGY, SHANGHAITECH UNIVERSITY",missing,public,"sra,fastq,run.zq","gs,ncbi,s3","ncbi.public,gs.us-east1,s3.us-east-1",SRX24495845,SREBP2-/-,uncalculated,uncalculated,missing,Illumina NovaSeq 6000,GSM8258553,PAIRED,cDNA,TRANSCRIPTOMIC,Homo sapiens,ILLUMINA,2025-03-17T00:00:00Z,2024-05-08T13:32:00Z,1,GSM8258553,Hela,SRP506497,Cholesterol depletion,Hela,
SRR28966286,RNA-Seq,300,8155548000,PRJNA1109350,SAMN41264403,2609641353,"SCHOOL OF LIFE SCIENCE AND TECHNOLOGY, SHANGHAITECH UNIVERSITY",missing,public,"sra,fastq,run.zq","s3,gs,ncbi","s3.us-east-1,ncbi.public,gs.us-east1",SRX24495844,SREBP2-/-,uncalculated,uncalculated,missing,Illumina NovaSeq 6000,GSM8258552,PAIRED,cDNA,TRANSCRIPTOMIC,Homo sapiens,ILLUMINA,2025-03-17T00:00:00Z,2024-05-08T13:31:00Z,1,GSM8258552,Hela,SRP506497,Cholesterol depletion,Hela,
SRR28966287,RNA-Seq,300,8272067400,PRJNA1109350,SAMN41264401,2662815234,"SCHOOL OF LIFE SCIENCE AND TECHNOLOGY, SHANGHAITECH UNIVERSITY",missing,public,"run.zq,fastq,sra","ncbi,gs,s3","s3.us-east-1,gs.us-east1,ncbi.public",SRX24495846,SREBP2-/-,uncalculated,uncalculated,missing,Illumina NovaSeq 6000,GSM8258554,PAIRED,cDNA,TRANSCRIPTOMIC,Homo sapiens,ILLUMINA,2025-03-17T00:00:00Z,2024-05-08T13:30:00Z,1,GSM8258554,Hela,SRP506497,Cholesterol depletion,Hela,
SRR28966288,RNA-Seq,300,8209001700,PRJNA1109350,SAMN41264399,2614715292,"SCHOOL OF LIFE SCIENCE AND TECHNOLOGY, SHANGHAITECH UNIVERSITY",missing,public,"sra,run.zq,fastq","ncbi,s3,gs","ncbi.public,gs.us-east1,s3.us-east-1",SRX24495848,SREBP1-/-,uncalculated,uncalculated,missing,Illumina NovaSeq 6000,GSM8258556,PAIRED,cDNA,TRANSCRIPTOMIC,Homo sapiens,ILLUMINA,2025-03-17T00:00:00Z,2024-05-08T13:32:00Z,1,GSM8258556,Hela,SRP506497,FBS,Hela,
SRR28966289,RNA-Seq,300,8086595400,PRJNA1109350,SAMN41264404,2583522305,"SCHOOL OF LIFE SCIENCE AND TECHNOLOGY, SHANGHAITECH UNIVERSITY",missing,public,"fastq,sra,run.zq","gs,ncbi,s3","gs.us-east1,ncbi.public,s3.us-east-1",SRX24495843,SREBP2-/-,uncalculated,uncalculated,missing,Illumina NovaSeq 6000,GSM8258551,PAIRED,cDNA,TRANSCRIPTOMIC,Homo sapiens,ILLUMINA,2025-03-17T00:00:00Z,2024-05-08T13:33:00Z,1,GSM8258551,Hela,SRP506497,FBS,Hela,
SRR28966290,RNA-Seq,300,9068170500,PRJNA1109350,SAMN41264405,2914111782,"SCHOOL OF LIFE SCIENCE AND TECHNOLOGY, SHANGHAITECH UNIVERSITY",missing,public,"sra,run.zq,fastq","ncbi,s3,gs","ncbi.public,s3.us-east-1,gs.us-east1",SRX24495842,SREBP2-/-,uncalculated,uncalculated,missing,Illumina NovaSeq 6000,GSM8258550,PAIRED,cDNA,TRANSCRIPTOMIC,Homo sapiens,ILLUMINA,2025-03-17T00:00:00Z,2024-05-08T13:32:00Z,1,GSM8258550,Hela,SRP506497,FBS,Hela,
SRR28966291,RNA-Seq,300,8404738200,PRJNA1109350,SAMN41264407,2661168690,"SCHOOL OF LIFE SCIENCE AND TECHNOLOGY, SHANGHAITECH UNIVERSITY",missing,public,"run.zq,sra,fastq","gs,s3,ncbi","gs.us-east1,s3.us-east-1,ncbi.public",SRX24495840,Wild type,uncalculated,uncalculated,missing,Illumina NovaSeq 6000,GSM8258548,PAIRED,cDNA,TRANSCRIPTOMIC,Homo sapiens,ILLUMINA,2025-03-17T00:00:00Z,2024-05-08T13:32:00Z,1,GSM8258548,Hela,SRP506497,Cholesterol depletion,Hela,
SRR28966292,RNA-Seq,300,8278058400,PRJNA1109350,SAMN41264409,2652772208,"SCHOOL OF LIFE SCIENCE AND TECHNOLOGY, SHANGHAITECH UNIVERSITY",missing,public,"fastq,sra,run.zq","ncbi,gs,s3","gs.us-east1,s3.us-east-1,ncbi.public",SRX24495838,Wild type,uncalculated,uncalculated,missing,Illumina NovaSeq 6000,GSM8258546,PAIRED,cDNA,TRANSCRIPTOMIC,Homo sapiens,ILLUMINA,2025-03-17T00:00:00Z,2024-05-08T13:33:00Z,1,GSM8258546,Hela,SRP506497,Cholesterol depletion,Hela,
SRR28966293,RNA-Seq,300,8387190000,PRJNA1109350,SAMN41264410,2690443985,"SCHOOL OF LIFE SCIENCE AND TECHNOLOGY, SHANGHAITECH UNIVERSITY",missing,public,"run.zq,fastq,sra","s3,ncbi,gs","gs.us-east1,s3.us-east-1,ncbi.public",SRX24495837,Wild type,uncalculated,uncalculated,missing,Illumina NovaSeq 6000,GSM8258545,PAIRED,cDNA,TRANSCRIPTOMIC,Homo sapiens,ILLUMINA,2025-03-17T00:00:00Z,2024-05-08T13:30:00Z,1,GSM8258545,Hela,SRP506497,FBS,Hela,
SRR28966294,RNA-Seq,300,8362822500,PRJNA1109350,SAMN41264408,2653201348,"SCHOOL OF LIFE SCIENCE AND TECHNOLOGY, SHANGHAITECH UNIVERSITY",missing,public,"sra,run.zq,fastq","s3,gs,ncbi","s3.us-east-1,ncbi.public,gs.us-east1",SRX24495839,Wild type,uncalculated,uncalculated,missing,Illumina NovaSeq 6000,GSM8258547,PAIRED,cDNA,TRANSCRIPTOMIC,Homo sapiens,ILLUMINA,2025-03-17T00:00:00Z,2024-05-08T13:31:00Z,1,GSM8258547,Hela,SRP506497,Cholesterol depletion,Hela,
SRR28966295,RNA-Seq,300,7447285800,PRJNA1109350,SAMN41264406,2383135078,"SCHOOL OF LIFE SCIENCE AND TECHNOLOGY, SHANGHAITECH UNIVERSITY",missing,public,"run.zq,sra,fastq","ncbi,s3,gs","s3.us-east-1,ncbi.public,gs.us-east1",SRX24495841,SREBP2-/-,uncalculated,uncalculated,missing,Illumina NovaSeq 6000,GSM8258549,PAIRED,cDNA,TRANSCRIPTOMIC,Homo sapiens,ILLUMINA,2025-03-17T00:00:00Z,2024-05-08T13:31:00Z,1,GSM8258549,Hela,SRP506497,FBS,Hela,
SRR28966296,RNA-Seq,300,8327106600,PRJNA1109350,SAMN41264411,2641370115,"SCHOOL OF LIFE SCIENCE AND TECHNOLOGY, SHANGHAITECH UNIVERSITY",missing,public,"fastq,run.zq,sra","gs,s3,ncbi","ncbi.public,s3.us-east-1,gs.us-east1",SRX24495836,Wild type,uncalculated,uncalculated,missing,Illumina NovaSeq 6000,GSM8258544,PAIRED,cDNA,TRANSCRIPTOMIC,Homo sapiens,ILLUMINA,2025-03-17T00:00:00Z,2024-05-08T13:32:00Z,1,GSM8258544,Hela,SRP506497,FBS,Hela,
SRR28966297,RNA-Seq,300,8476350000,PRJNA1109350,SAMN41264412,2715239318,"SCHOOL OF LIFE SCIENCE AND TECHNOLOGY, SHANGHAITECH UNIVERSITY",missing,public,"fastq,sra,run.zq","ncbi,s3,gs","s3.us-east-1,gs.us-east1,ncbi.public",SRX24495835,Wild type,uncalculated,uncalculated,missing,Illumina NovaSeq 6000,GSM8258543,PAIRED,cDNA,TRANSCRIPTOMIC,Homo sapiens,ILLUMINA,2025-03-17T00:00:00Z,2024-05-08T13:31:00Z,1,GSM8258543,Hela,SRP506497,FBS,Hela,
