run	assigned_fragments	nonzero_genes	size_factor	group
SRR28966285	21265195	25822	0.969263411830703	KO_depletion
SRR28966286	20889788	26627	1.0311108076206	KO_depletion
SRR28966287	21211302	27706	1.08961046281776	KO_depletion
SRR28966289	21115090	26331	1.03155485481597	KO_FBS
SRR28966290	23852695	25436	1.07086167384147	KO_FBS
SRR28966291	21478584	26915	1.01704619306992	WT_depletion
SRR28966292	21282137	26326	0.985752228066219	WT_depletion
SRR28966293	20932151	27517	1.03917059945928	WT_FBS
SRR28966294	21745487	25721	0.979230999704578	WT_depletion
SRR28966295	19318488	25923	0.920762666698825	KO_FBS
SRR28966296	21420529	25782	0.981075200886955	WT_FBS
SRR28966297	21889990	25749	1.01003233304389	WT_FBS
