run	sample_accession	genotype	treatment	group	PC1	PC2
SRR28966285	GSM8258553	KO	depletion	KO_depletion	-8.61523823154423	0.161976527779292
SRR28966286	GSM8258552	KO	depletion	KO_depletion	-14.0573726376659	5.77295339704518
SRR28966287	GSM8258554	KO	depletion	KO_depletion	-12.9206557404004	9.58156152657452
SRR28966289	GSM8258551	KO	FBS	KO_FBS	-16.6889680101504	3.09345122278204
SRR28966290	GSM8258550	KO	FBS	KO_FBS	-19.6485937739697	-5.19804449576099
SRR28966291	GSM8258548	WT	depletion	WT_depletion	22.7999747905949	9.89127051752344
SRR28966292	GSM8258546	WT	depletion	WT_depletion	22.9245745539042	6.86517592568128
SRR28966293	GSM8258545	WT	FBS	WT_FBS	8.96323037272158	-4.90481978735952
SRR28966294	GSM8258547	WT	depletion	WT_depletion	19.2882545465226	-0.110061421747511
SRR28966295	GSM8258549	KO	FBS	KO_FBS	-16.8609427548157	0.138303851232098
SRR28966296	GSM8258544	WT	FBS	WT_FBS	5.29935543788652	-14.7123422482447
SRR28966297	GSM8258543	WT	FBS	WT_FBS	9.51638144691647	-10.5794250155051
