	SRR28966285	SRR28966286	SRR28966287	SRR28966289	SRR28966290	SRR28966291	SRR28966292	SRR28966293	SRR28966294	SRR28966295	SRR28966296	SRR28966297
SRR28966285	1	0.989450010040702	0.986246730061798	0.988628985907679	0.988649628886861	0.979387194794664	0.98009959086341	0.986282691866964	0.983944200068468	0.990643787828626	0.989577417834075	0.987210884081665
SRR28966286	0.989450010040702	1	0.993860443561842	0.993998339340066	0.989184962530938	0.973548515200383	0.972192998609563	0.984312472988486	0.970471402721131	0.99480050151483	0.98127149057149	0.980750141810931
SRR28966287	0.986246730061798	0.993860443561842	1	0.994569089578731	0.984927376863505	0.974157915943918	0.970328018846491	0.983724286642886	0.967673275991424	0.991005751068729	0.977200933387156	0.97705513584573
SRR28966289	0.988628985907679	0.993998339340066	0.994569089578731	1	0.989635436354144	0.972305858208613	0.969640026672322	0.98474319462512	0.969071160246096	0.994327905538105	0.980729528671402	0.979736059655994
SRR28966290	0.988649628886861	0.989184962530938	0.984927376863505	0.989635436354144	1	0.960918273363405	0.961602003483891	0.977143886138543	0.965557223971156	0.991998557090968	0.983372606228103	0.976218791255255
SRR28966291	0.979387194794664	0.973548515200383	0.974157915943918	0.972305858208613	0.960918273363405	1	0.995221784517529	0.989861115956632	0.99187668462895	0.972112393274099	0.982498011395425	0.988689835895953
SRR28966292	0.98009959086341	0.972192998609563	0.970328018846491	0.969640026672322	0.961602003483891	0.995221784517529	1	0.98833168275194	0.993868426586453	0.971882891610604	0.98476938504589	0.991157528536767
SRR28966293	0.986282691866964	0.984312472988486	0.983724286642886	0.98474319462512	0.977143886138543	0.989861115956632	0.98833168275194	1	0.987631934563615	0.984588533591984	0.99110583667938	0.993403547817853
SRR28966294	0.983944200068468	0.970471402721131	0.967673275991424	0.969071160246096	0.965557223971156	0.99187668462895	0.993868426586453	0.987631934563615	1	0.972063973236241	0.98862455347571	0.991307525986666
SRR28966295	0.990643787828626	0.99480050151483	0.991005751068729	0.994327905538105	0.991998557090968	0.972112393274099	0.971882891610604	0.984588533591984	0.972063973236241	1	0.983935405343515	0.982714167813306
SRR28966296	0.989577417834075	0.98127149057149	0.977200933387156	0.980729528671402	0.983372606228103	0.982498011395425	0.98476938504589	0.99110583667938	0.98862455347571	0.983935405343515	1	0.993951362846543
SRR28966297	0.987210884081665	0.980750141810931	0.97705513584573	0.979736059655994	0.976218791255255	0.988689835895953	0.991157528536767	0.993403547817853	0.991307525986666	0.982714167813306	0.993951362846543	1
