run	mate	status	module
SRR28966285	1	PASS	Basic Statistics
SRR28966285	1	PASS	Per base sequence quality
SRR28966285	1	WARN	Per tile sequence quality
SRR28966285	1	PASS	Per sequence quality scores
SRR28966285	1	FAIL	Per base sequence content
SRR28966285	1	PASS	Per sequence GC content
SRR28966285	1	PASS	Per base N content
SRR28966285	1	PASS	Sequence Length Distribution
SRR28966285	1	FAIL	Sequence Duplication Levels
SRR28966285	1	PASS	Overrepresented sequences
SRR28966285	1	PASS	Adapter Content
SRR28966285	2	PASS	Basic Statistics
SRR28966285	2	PASS	Per base sequence quality
SRR28966285	2	PASS	Per tile sequence quality
SRR28966285	2	PASS	Per sequence quality scores
SRR28966285	2	FAIL	Per base sequence content
SRR28966285	2	PASS	Per sequence GC content
SRR28966285	2	PASS	Per base N content
SRR28966285	2	PASS	Sequence Length Distribution
SRR28966285	2	FAIL	Sequence Duplication Levels
SRR28966285	2	PASS	Overrepresented sequences
SRR28966285	2	PASS	Adapter Content
SRR28966286	1	PASS	Basic Statistics
SRR28966286	1	PASS	Per base sequence quality
SRR28966286	1	WARN	Per tile sequence quality
SRR28966286	1	PASS	Per sequence quality scores
SRR28966286	1	FAIL	Per base sequence content
SRR28966286	1	PASS	Per sequence GC content
SRR28966286	1	PASS	Per base N content
SRR28966286	1	PASS	Sequence Length Distribution
SRR28966286	1	FAIL	Sequence Duplication Levels
SRR28966286	1	PASS	Overrepresented sequences
SRR28966286	1	PASS	Adapter Content
SRR28966286	2	PASS	Basic Statistics
SRR28966286	2	PASS	Per base sequence quality
SRR28966286	2	PASS	Per tile sequence quality
SRR28966286	2	PASS	Per sequence quality scores
SRR28966286	2	FAIL	Per base sequence content
SRR28966286	2	PASS	Per sequence GC content
SRR28966286	2	PASS	Per base N content
SRR28966286	2	PASS	Sequence Length Distribution
SRR28966286	2	FAIL	Sequence Duplication Levels
SRR28966286	2	PASS	Overrepresented sequences
SRR28966286	2	PASS	Adapter Content
SRR28966287	1	PASS	Basic Statistics
SRR28966287	1	PASS	Per base sequence quality
SRR28966287	1	WARN	Per tile sequence quality
SRR28966287	1	PASS	Per sequence quality scores
SRR28966287	1	FAIL	Per base sequence content
SRR28966287	1	PASS	Per sequence GC content
SRR28966287	1	PASS	Per base N content
SRR28966287	1	PASS	Sequence Length Distribution
SRR28966287	1	FAIL	Sequence Duplication Levels
SRR28966287	1	PASS	Overrepresented sequences
SRR28966287	1	PASS	Adapter Content
SRR28966287	2	PASS	Basic Statistics
SRR28966287	2	PASS	Per base sequence quality
SRR28966287	2	PASS	Per tile sequence quality
SRR28966287	2	PASS	Per sequence quality scores
SRR28966287	2	FAIL	Per base sequence content
SRR28966287	2	PASS	Per sequence GC content
SRR28966287	2	PASS	Per base N content
SRR28966287	2	PASS	Sequence Length Distribution
SRR28966287	2	FAIL	Sequence Duplication Levels
SRR28966287	2	PASS	Overrepresented sequences
SRR28966287	2	PASS	Adapter Content
SRR28966289	1	PASS	Basic Statistics
SRR28966289	1	PASS	Per base sequence quality
SRR28966289	1	WARN	Per tile sequence quality
SRR28966289	1	PASS	Per sequence quality scores
SRR28966289	1	FAIL	Per base sequence content
SRR28966289	1	PASS	Per sequence GC content
SRR28966289	1	PASS	Per base N content
SRR28966289	1	PASS	Sequence Length Distribution
SRR28966289	1	FAIL	Sequence Duplication Levels
SRR28966289	1	PASS	Overrepresented sequences
SRR28966289	1	PASS	Adapter Content
SRR28966289	2	PASS	Basic Statistics
SRR28966289	2	PASS	Per base sequence quality
SRR28966289	2	PASS	Per tile sequence quality
SRR28966289	2	PASS	Per sequence quality scores
SRR28966289	2	FAIL	Per base sequence content
SRR28966289	2	PASS	Per sequence GC content
SRR28966289	2	PASS	Per base N content
SRR28966289	2	PASS	Sequence Length Distribution
SRR28966289	2	FAIL	Sequence Duplication Levels
SRR28966289	2	PASS	Overrepresented sequences
SRR28966289	2	PASS	Adapter Content
SRR28966290	1	PASS	Basic Statistics
SRR28966290	1	PASS	Per base sequence quality
SRR28966290	1	WARN	Per tile sequence quality
SRR28966290	1	PASS	Per sequence quality scores
SRR28966290	1	FAIL	Per base sequence content
SRR28966290	1	PASS	Per sequence GC content
SRR28966290	1	PASS	Per base N content
SRR28966290	1	PASS	Sequence Length Distribution
SRR28966290	1	FAIL	Sequence Duplication Levels
SRR28966290	1	PASS	Overrepresented sequences
SRR28966290	1	PASS	Adapter Content
SRR28966290	2	PASS	Basic Statistics
SRR28966290	2	PASS	Per base sequence quality
SRR28966290	2	PASS	Per tile sequence quality
SRR28966290	2	PASS	Per sequence quality scores
SRR28966290	2	FAIL	Per base sequence content
SRR28966290	2	PASS	Per sequence GC content
SRR28966290	2	PASS	Per base N content
SRR28966290	2	PASS	Sequence Length Distribution
SRR28966290	2	FAIL	Sequence Duplication Levels
SRR28966290	2	PASS	Overrepresented sequences
SRR28966290	2	PASS	Adapter Content
SRR28966291	1	PASS	Basic Statistics
SRR28966291	1	PASS	Per base sequence quality
SRR28966291	1	WARN	Per tile sequence quality
SRR28966291	1	PASS	Per sequence quality scores
SRR28966291	1	FAIL	Per base sequence content
SRR28966291	1	PASS	Per sequence GC content
SRR28966291	1	PASS	Per base N content
SRR28966291	1	PASS	Sequence Length Distribution
SRR28966291	1	FAIL	Sequence Duplication Levels
SRR28966291	1	PASS	Overrepresented sequences
SRR28966291	1	PASS	Adapter Content
SRR28966291	2	PASS	Basic Statistics
SRR28966291	2	PASS	Per base sequence quality
SRR28966291	2	PASS	Per tile sequence quality
SRR28966291	2	PASS	Per sequence quality scores
SRR28966291	2	FAIL	Per base sequence content
SRR28966291	2	PASS	Per sequence GC content
SRR28966291	2	PASS	Per base N content
SRR28966291	2	PASS	Sequence Length Distribution
SRR28966291	2	FAIL	Sequence Duplication Levels
SRR28966291	2	PASS	Overrepresented sequences
SRR28966291	2	PASS	Adapter Content
SRR28966292	1	PASS	Basic Statistics
SRR28966292	1	PASS	Per base sequence quality
SRR28966292	1	WARN	Per tile sequence quality
SRR28966292	1	PASS	Per sequence quality scores
SRR28966292	1	FAIL	Per base sequence content
SRR28966292	1	PASS	Per sequence GC content
SRR28966292	1	PASS	Per base N content
SRR28966292	1	PASS	Sequence Length Distribution
SRR28966292	1	FAIL	Sequence Duplication Levels
SRR28966292	1	PASS	Overrepresented sequences
SRR28966292	1	PASS	Adapter Content
SRR28966292	2	PASS	Basic Statistics
SRR28966292	2	PASS	Per base sequence quality
SRR28966292	2	PASS	Per tile sequence quality
SRR28966292	2	PASS	Per sequence quality scores
SRR28966292	2	FAIL	Per base sequence content
SRR28966292	2	PASS	Per sequence GC content
SRR28966292	2	PASS	Per base N content
SRR28966292	2	PASS	Sequence Length Distribution
SRR28966292	2	FAIL	Sequence Duplication Levels
SRR28966292	2	PASS	Overrepresented sequences
SRR28966292	2	PASS	Adapter Content
SRR28966293	1	PASS	Basic Statistics
SRR28966293	1	PASS	Per base sequence quality
SRR28966293	1	WARN	Per tile sequence quality
SRR28966293	1	PASS	Per sequence quality scores
SRR28966293	1	FAIL	Per base sequence content
SRR28966293	1	PASS	Per sequence GC content
SRR28966293	1	PASS	Per base N content
SRR28966293	1	PASS	Sequence Length Distribution
SRR28966293	1	FAIL	Sequence Duplication Levels
SRR28966293	1	PASS	Overrepresented sequences
SRR28966293	1	PASS	Adapter Content
SRR28966293	2	PASS	Basic Statistics
SRR28966293	2	PASS	Per base sequence quality
SRR28966293	2	PASS	Per tile sequence quality
SRR28966293	2	PASS	Per sequence quality scores
SRR28966293	2	FAIL	Per base sequence content
SRR28966293	2	PASS	Per sequence GC content
SRR28966293	2	PASS	Per base N content
SRR28966293	2	PASS	Sequence Length Distribution
SRR28966293	2	FAIL	Sequence Duplication Levels
SRR28966293	2	PASS	Overrepresented sequences
SRR28966293	2	PASS	Adapter Content
SRR28966294	1	PASS	Basic Statistics
SRR28966294	1	PASS	Per base sequence quality
SRR28966294	1	WARN	Per tile sequence quality
SRR28966294	1	PASS	Per sequence quality scores
SRR28966294	1	FAIL	Per base sequence content
SRR28966294	1	PASS	Per sequence GC content
SRR28966294	1	PASS	Per base N content
SRR28966294	1	PASS	Sequence Length Distribution
SRR28966294	1	FAIL	Sequence Duplication Levels
SRR28966294	1	PASS	Overrepresented sequences
SRR28966294	1	PASS	Adapter Content
SRR28966294	2	PASS	Basic Statistics
SRR28966294	2	PASS	Per base sequence quality
SRR28966294	2	PASS	Per tile sequence quality
SRR28966294	2	PASS	Per sequence quality scores
SRR28966294	2	FAIL	Per base sequence content
SRR28966294	2	PASS	Per sequence GC content
SRR28966294	2	PASS	Per base N content
SRR28966294	2	PASS	Sequence Length Distribution
SRR28966294	2	FAIL	Sequence Duplication Levels
SRR28966294	2	PASS	Overrepresented sequences
SRR28966294	2	PASS	Adapter Content
SRR28966295	1	PASS	Basic Statistics
SRR28966295	1	PASS	Per base sequence quality
SRR28966295	1	WARN	Per tile sequence quality
SRR28966295	1	PASS	Per sequence quality scores
SRR28966295	1	FAIL	Per base sequence content
SRR28966295	1	PASS	Per sequence GC content
SRR28966295	1	PASS	Per base N content
SRR28966295	1	PASS	Sequence Length Distribution
SRR28966295	1	FAIL	Sequence Duplication Levels
SRR28966295	1	PASS	Overrepresented sequences
SRR28966295	1	PASS	Adapter Content
SRR28966295	2	PASS	Basic Statistics
SRR28966295	2	PASS	Per base sequence quality
SRR28966295	2	PASS	Per tile sequence quality
SRR28966295	2	PASS	Per sequence quality scores
SRR28966295	2	FAIL	Per base sequence content
SRR28966295	2	PASS	Per sequence GC content
SRR28966295	2	PASS	Per base N content
SRR28966295	2	PASS	Sequence Length Distribution
SRR28966295	2	FAIL	Sequence Duplication Levels
SRR28966295	2	PASS	Overrepresented sequences
SRR28966295	2	PASS	Adapter Content
SRR28966296	1	PASS	Basic Statistics
SRR28966296	1	PASS	Per base sequence quality
SRR28966296	1	WARN	Per tile sequence quality
SRR28966296	1	PASS	Per sequence quality scores
SRR28966296	1	FAIL	Per base sequence content
SRR28966296	1	PASS	Per sequence GC content
SRR28966296	1	PASS	Per base N content
SRR28966296	1	PASS	Sequence Length Distribution
SRR28966296	1	FAIL	Sequence Duplication Levels
SRR28966296	1	PASS	Overrepresented sequences
SRR28966296	1	PASS	Adapter Content
SRR28966296	2	PASS	Basic Statistics
SRR28966296	2	PASS	Per base sequence quality
SRR28966296	2	PASS	Per tile sequence quality
SRR28966296	2	PASS	Per sequence quality scores
SRR28966296	2	FAIL	Per base sequence content
SRR28966296	2	PASS	Per sequence GC content
SRR28966296	2	PASS	Per base N content
SRR28966296	2	PASS	Sequence Length Distribution
SRR28966296	2	FAIL	Sequence Duplication Levels
SRR28966296	2	PASS	Overrepresented sequences
SRR28966296	2	PASS	Adapter Content
SRR28966297	1	PASS	Basic Statistics
SRR28966297	1	PASS	Per base sequence quality
SRR28966297	1	WARN	Per tile sequence quality
SRR28966297	1	PASS	Per sequence quality scores
SRR28966297	1	FAIL	Per base sequence content
SRR28966297	1	PASS	Per sequence GC content
SRR28966297	1	PASS	Per base N content
SRR28966297	1	PASS	Sequence Length Distribution
SRR28966297	1	FAIL	Sequence Duplication Levels
SRR28966297	1	PASS	Overrepresented sequences
SRR28966297	1	PASS	Adapter Content
SRR28966297	2	PASS	Basic Statistics
SRR28966297	2	PASS	Per base sequence quality
SRR28966297	2	PASS	Per tile sequence quality
SRR28966297	2	PASS	Per sequence quality scores
SRR28966297	2	FAIL	Per base sequence content
SRR28966297	2	PASS	Per sequence GC content
SRR28966297	2	PASS	Per base N content
SRR28966297	2	PASS	Sequence Length Distribution
SRR28966297	2	FAIL	Sequence Duplication Levels
SRR28966297	2	PASS	Overrepresented sequences
SRR28966297	2	PASS	Adapter Content
