run	Assigned	Unassigned_MultiMapping	Unassigned_NoFeatures	Unassigned_Ambiguity	Unassigned_Singleton	Unassigned_Chimera
SRR28966285	74.38	7.52	4.99	9.19	2.76	0.40
SRR28966286	73.14	7.44	6.21	8.54	2.97	0.86
SRR28966287	73.33	7.26	6.84	8.29	2.81	0.73
SRR28966289	74.77	7.27	5.84	8.68	2.42	0.36
SRR28966290	75.48	6.92	5.05	8.52	2.63	0.61
SRR28966291	72.70	7.93	5.10	9.63	3.32	0.60
SRR28966292	73.07	8.07	4.70	9.49	3.52	0.42
SRR28966293	67.88	12.57	5.96	8.58	3.35	0.99
SRR28966294	74.11	7.79	4.05	9.74	3.10	0.59
SRR28966295	74.08	7.56	5.59	8.85	2.61	0.52
SRR28966296	73.36	7.55	5.03	9.08	3.20	1.08
SRR28966297	73.51	7.90	4.73	9.30	3.19	0.66
