source	rows	mapped	unmapped
results/de/discovery_v1/all12/KO_vs_WT_depletion.tsv	17158	17158	0
results/de/discovery_v1/all12/KO_vs_WT_FBS.tsv	17158	17158	0
results/de/discovery_v1/all12/interaction.tsv	17158	17158	0
results/de/discovery_v1/without_SRR28966285/KO_vs_WT_depletion.tsv	17158	17158	0
results/de/discovery_v1/without_SRR28966285/KO_vs_WT_FBS.tsv	17158	17158	0
results/de/discovery_v1/without_SRR28966285/interaction.tsv	17158	17158	0
results/de/discovery_v1/KO_vs_WT_depletion_SENSITIVITY.tsv	17158	17158	0
results/de/discovery_v1/KO_vs_WT_FBS_SENSITIVITY.tsv	17158	17158	0
results/de/discovery_v1/interaction_SENSITIVITY.tsv	17158	17158	0
